-- ============================================
-- WEEKLYCOCO DATABASE EXPORT
-- Generated: 2026-01-20
-- For Supabase Import
-- ============================================

-- ============================================
-- 1. STORES (20 Korean Costco Locations)
-- ============================================
INSERT INTO stores (id, name, region, address, address_detail, postal_code, latitude, longitude, phone, email, business_hours, holiday_info, closing_dates, has_tire_center, has_hearing_aids, special_notice, created_at) VALUES
('03b0009e-f7b1-4123-b761-40b312095449', '양재점', '서울', '서울특별시 서초구 양재대로 159', '(양재동 217-6)', '06772', 37.4641, 127.0393, '1899-9900', 'member@costcokr.com', '오전 8:00 - 오후 10:00', '매월 둘째, 넷째 일요일 의무휴무 / 1월 1일, 설날, 추석 휴무 (전일 오후 7시까지)', ARRAY['2025-12-14', '2025-12-28', '2026-01-11', '2026-01-25'], true, true, NULL, '2025-12-20 14:57:46.356267+00'),
('044e7a08-354a-4945-9791-913cb614cd9e', '대구 혁신도시점', '대구', '대구광역시 동구 첨단로 10', '(신서동 1187)', '41069', 35.8297, 128.7481, '1899-9900', 'member@costcokr.com', '오전 9:30 - 오후 10:00', '매월 둘째, 넷째 월요일 의무휴무 / 1월 1일, 설날, 추석 휴무 (전일 오후 7시까지)', ARRAY['2025-12-08', '2025-12-22', '2026-01-12', '2026-01-26'], true, true, NULL, '2025-12-20 14:57:46.356267+00'),
('04fbd489-3cb3-47aa-b986-c0eedbda422e', '울산점', '울산', '울산광역시 북구 진장유통로 78-12', '(진장동 283-3)', '44248', 35.5384, 129.3114, '1899-9900', 'member@costcokr.com', '오전 10:00 - 오후 10:00', '매월 둘째 수요일, 넷째 일요일 의무휴무 / 1월 1일, 설날, 추석 휴무 (전일 오후 7시까지)', ARRAY['2025-12-10', '2025-12-28', '2026-01-14', '2026-01-25'], true, true, NULL, '2025-12-20 14:57:46.356267+00'),
('0e10b198-9c51-4782-b3a3-d1458d067913', '김해점', '경남', '경상남도 김해시 주촌면 선천남로 16', '(천곡리 1522)', '51025', 35.2285, 128.889, '1899-9900', 'member@costcokr.com', '오전 10:00 - 오후 10:00', '매월 둘째, 넷째 일요일 의무휴무 / 1월 1일, 설날, 추석 휴무 (전일 오후 7시까지)', ARRAY['2025-12-14', '2025-12-28', '2026-01-11', '2026-01-25'], true, true, NULL, '2025-12-23 18:29:14.026854+00'),
('1dab6fc2-12f8-48a9-a145-458fbe550f94', '세종점', '세종', '세종특별자치시 종합운동장 1로 14', '(대평동 584-7)', '30154', 36.48, 127.289, '1899-9900', 'member@costcokr.com', '오전 10:00 - 오후 10:00', '매월 둘째, 넷째 일요일 의무휴무 / 1월 1일, 설날, 추석 휴무 (전일 오후 7시까지)', ARRAY['2025-12-14', '2025-12-28', '2026-01-11', '2026-01-25'], true, true, NULL, '2025-12-20 14:57:46.356267+00'),
('324bccf0-4378-471c-be69-beff25bd4da9', '대전점', '대전', '대전광역시 중구 오류로 41', '(오류동 116-3)', '34906', 36.3752, 127.3877, '1899-9900', 'member@costcokr.com', '오전 10:00 - 오후 10:00', '매월 둘째, 넷째 일요일 의무휴무 / 1월 1일, 설날, 추석 휴무 (전일 오후 7시까지)', ARRAY['2025-12-14', '2025-12-28', '2026-01-11', '2026-01-25'], true, true, NULL, '2025-12-20 14:57:46.356267+00'),
('3814c439-42c2-42a8-a85b-c207889049dc', '상봉점', '서울', '서울특별시 중랑구 망우로 336', '(상봉동 81)', '02150', 37.5968, 127.0855, '1899-9900', 'member@costcokr.com', '오전 10:00 - 오후 10:00', '매월 둘째, 넷째 일요일 의무휴무 / 1월 1일, 설날, 추석 휴무 (전일 오후 7시까지)', ARRAY['2025-12-14', '2025-12-28', '2026-01-11', '2026-01-25'], true, true, NULL, '2025-12-20 14:57:46.356267+00'),
('4008d2bf-0c73-41eb-8c2f-256d5f02c70b', '고척점', '서울', '서울특별시 구로구 경인로43길 49', '(고척동 100-7)', '08226', 37.4985, 126.8663, '1899-9900', 'member@costcokr.com', '오전 10:00 - 오후 10:00', '매월 둘째, 넷째 일요일 의무휴무 / 1월 1일, 설날, 추석 휴무 (전일 오후 7시까지)', ARRAY['2025-12-14', '2025-12-28', '2026-01-11', '2026-01-25'], true, true, NULL, '2025-12-20 14:57:46.356267+00'),
('513d2044-2ea0-4641-9f4d-b4d9e745c0ff', '하남점', '경기', '경기도 하남시 미사강변중앙로 40', '(풍산동 609)', '12938', 37.5456, 127.2147, '1899-9900', 'member@costcokr.com', '오전 10:00 - 오후 10:00', '매월 둘째, 넷째 일요일 의무휴무 / 1월 1일, 설날, 추석 휴무 (전일 오후 7시까지)', ARRAY['2025-12-14', '2025-12-28', '2026-01-11', '2026-01-25'], true, true, NULL, '2025-12-20 14:57:46.356267+00'),
('544478e2-1b35-4b4a-b70a-efd36ff40b9f', '공세점', '경기', '경기도 용인시 기흥구 탑실로 38', '(공세동 734-1)', '17084', 36.9167, 127.0056, '1899-9900', 'member@costcokr.com', '오전 10:00 - 오후 9:30', '매월 둘째, 넷째 일요일 의무휴무 / 1월 1일, 설날, 추석 휴무 (전일 오후 7시까지)', ARRAY['2025-12-14', '2025-12-28', '2026-01-11', '2026-01-25'], true, true, NULL, '2025-12-20 14:57:46.356267+00'),
('68ec3864-f4f6-45b6-9bac-f4f9c34f2989', '대구점', '대구', '대구광역시 북구 검단로 97', '(산격동 1817)', '41516', 35.8714, 128.5561, '1899-9900', 'member@costcokr.com', '오전 09:00 - 오후 09:30', '매월 둘째, 넷째 월요일 의무휴무 / 1월 1일, 설날, 추석 휴무 (전일 오후 7시까지)', ARRAY['2025-12-08', '2025-12-22', '2026-01-12', '2026-01-26'], true, true, NULL, '2025-12-20 14:57:46.356267+00'),
('762499a5-a668-4d39-84c5-a3f7448c7f50', '양평점', '서울', '서울특별시 영등포구 선유로 156', '(양평동 3가 65)', '07255', 37.527, 126.8869, '1899-9900', 'member@costcokr.com', '오전 10:00 - 오후 10:00', '매월 둘째, 넷째 일요일 의무휴무 / 1월 1일, 설날, 추석 휴무 (전일 오후 7시까지)', ARRAY['2025-12-14', '2025-12-28'], true, false, NULL, '2025-12-20 14:57:46.356267+00'),
('7ef6ae57-cd4b-4084-87ca-b0c73995c49b', '청라점', '인천', '인천 서구 첨단서로 188', '(청라동 12-2)', '22756', 37.5351, 126.6458, '1899-9900', 'member@costcokr.com', '오전 10:00 - 오후 10:00', '매월 둘째, 넷째 일요일 의무휴무 / 1월 1일, 설날, 추석 휴무 (전일 오후 7시까지)', ARRAY['2025-12-14', '2025-12-28', '2026-01-11', '2026-01-25'], true, true, '2026년 2월 8일까지 리모델링 진행 중 (매장 정상 영업)', '2025-12-23 18:29:14.026854+00'),
('8f871fdb-5876-4b7a-9809-4977e2d818fc', '광명점', '경기', '경기도 광명시 일직로 40', '(일직동 163-3)', '14347', 37.4259, 126.8827, '1899-9900', 'member@costcokr.com', '오전 8:00 - 오후 9:00', '매월 둘째, 넷째 일요일 의무휴무 / 1월 1일, 설날, 추석 휴무 (전일 오후 7시까지)', ARRAY['2025-12-14', '2025-12-28', '2026-01-11', '2026-01-25'], true, true, NULL, '2025-12-20 14:57:46.356267+00'),
('9d397bd7-0cd6-49e1-af6d-f278d9b79208', '부산점', '부산', '부산광역시 수영구 구락로 137', '(망미동 195-1)', '48212', 35.1538, 129.1133, '1899-9900', 'member@costcokr.com', '오전 10:00 - 오후 10:00', '매월 둘째, 넷째 일요일 의무휴무 / 1월 1일, 설날, 추석 휴무 (전일 오후 7시까지)', ARRAY['2025-12-14', '2025-12-28', '2026-01-11', '2026-01-25'], true, true, NULL, '2025-12-23 18:29:14.026854+00'),
('a52040e7-c19a-4d48-9e19-8af91e42efa6', '의정부점', '경기', '경기도 의정부시 용민로 489번길 9', '(민락동 903-1)', '11815', 37.7377, 127.0337, '1899-9900', 'member@costcokr.com', '오전 10:00 - 오후 10:00', '매월 둘째, 넷째 일요일 의무휴무 / 1월 1일, 설날, 추석 휴무 (전일 오후 7시까지)', ARRAY['2025-12-14', '2025-12-28', '2026-01-11', '2026-01-25'], true, true, NULL, '2025-12-20 14:57:46.356267+00'),
('a6b10c7c-5eee-4c88-8ba9-a641add87c4d', '송도점', '인천', '인천 연수구 컨벤시아대로230번길 60', '(송도동 98)', '22009', 37.392, 126.6372, '1899-9900', 'member@costcokr.com', '오전 9:00 - 오후 10:00', '매월 둘째, 넷째 일요일 의무휴무 / 1월 1일, 설날, 추석 휴무 (전일 오후 7시까지)', ARRAY['2025-12-14', '2025-12-28', '2026-01-11', '2026-01-25'], true, true, NULL, '2025-12-20 14:57:46.356267+00'),
('e9aefc84-ed74-4b4a-be6c-14f92b5bb78d', '평택점', '경기', '경기도 평택시 경기대로 975', '(장당동 153-1)', '17784', 37.0893, 127.0655, '1899-9900', 'member@costcokr.com', '오전 10:00 - 오후 9:00', '매월 둘째, 넷째 일요일 의무휴무 / 1월 1일, 설날, 추석 휴무 (전일 오후 7시까지)', ARRAY['2025-12-14', '2025-12-28', '2026-01-11', '2026-01-25'], true, true, NULL, '2025-12-23 18:29:14.026854+00'),
('edfd1c13-7341-4c24-aaf9-5962bb99306f', '일산점', '경기', '경기도 고양시 일산동구 장백로 25', '(백석동 1312)', '10449', 37.6711, 126.7669, '1899-9900', 'member@costcokr.com', '오전 10:00 - 오후 10:00', '매월 둘째, 넷째 수요일 의무휴무 / 1월 1일, 설날, 추석 휴무 (전일 오후 7시까지)', ARRAY['2025-12-10', '2025-12-24', '2026-01-14', '2026-01-28'], true, true, NULL, '2025-12-20 14:57:46.356267+00'),
('eee80446-25dc-48de-90b3-98ff1560b52e', '천안점', '충남', '충청남도 천안시 서북구 3공단 6로 77', '(차암동 438)', '31085', 36.8151, 127.1139, '1899-9900', 'member@costcokr.com', '오전 10:00 - 오후 09:30', '매월 둘째, 넷째 일요일 의무휴무 / 1월 1일, 설날, 추석 휴무 (전일 오후 7시까지)', ARRAY['2025-12-14', '2025-12-28', '2026-01-11', '2026-01-25'], true, true, NULL, '2025-12-23 18:29:14.026854+00')
ON CONFLICT (id) DO NOTHING;

-- ============================================
-- 2. USER_ROLES
-- ============================================
INSERT INTO user_roles (id, user_id, role, created_at) VALUES
('749dd071-0433-4373-9442-0ddd3fcd9eb2', '19ba2f33-8073-4319-8db3-395cd649c5a8', 'user', '2026-01-11 12:14:14.3153+00'),
('c7ef75a5-4560-4ea4-b1d0-495884786dd6', 'b4706f7a-6eb4-4a88-a9ef-835e5d3bd314', 'admin', '2025-12-20 18:17:06.131108+00')
ON CONFLICT (id) DO NOTHING;

-- ============================================
-- 3. USER_PROFILES
-- ============================================
INSERT INTO user_profiles (id, nickname, email, avatar_url, bio, phone, points, pending_points, confirmed_points, badges, bakery_purchase_count, unique_stores_visited, preferred_store_id, daily_budget, location_terms_agreed, location_terms_agreed_at, status, created_at) VALUES
('b4706f7a-6eb4-4a88-a9ef-835e5d3bd314', '주간코코', NULL, 'https://itzjlsdxqvnslojxmlqk.supabase.co/storage/v1/object/public/avatars/b4706f7a-6eb4-4a88-a9ef-835e5d3bd314/1766255115423.jpg', '쇼핑하는 남자', NULL, 20, 0, 15, '{}', 0, ARRAY['03b0009e-f7b1-4123-b761-40b312095449']::uuid[], NULL, 500000, true, '2026-01-11 14:48:55.747+00', 'active', '2025-12-20 16:23:30.048904+00'),
('19ba2f33-8073-4319-8db3-395cd649c5a8', NULL, 'onlinesangsa@gmail.com', NULL, '온라인상사', NULL, 3, 0, 5, '{}', 0, ARRAY['03b0009e-f7b1-4123-b761-40b312095449']::uuid[], NULL, 500000, false, '2026-01-13 11:39:07.115+00', 'active', '2026-01-11 12:14:14.3153+00')
ON CONFLICT (id) DO NOTHING;

-- ============================================
-- 4. DISCUSSIONS
-- ============================================
INSERT INTO discussions (id, user_id, title, content, category, image_url, linked_product_id, is_blinded, created_at, updated_at) VALUES
('e05a943a-520d-4ed2-9fe5-6f5546db564b', 'b4706f7a-6eb4-4a88-a9ef-835e5d3bd314', '콤보치즈 맛이 어때요?', '맛이 궁금합니다.', 'general', NULL, NULL, false, '2025-12-20 17:44:02.745676+00', '2025-12-20 17:44:02.745676+00'),
('a183e5fc-6488-4bb2-9e89-6b1479207dab', 'b4706f7a-6eb4-4a88-a9ef-835e5d3bd314', '일본과자 이거 상품 어떤지요?', '초코송이랑 비슷하게 생겼던데...', 'general', 'https://itzjlsdxqvnslojxmlqk.supabase.co/storage/v1/object/public/price-tags/discussions/b4706f7a-6eb4-4a88-a9ef-835e5d3bd314/1766253186142.JPG', NULL, false, '2025-12-20 17:53:10.326995+00', '2025-12-20 17:53:10.326995+00'),
('58a321ed-95b6-4d62-b10f-ab845f13dee2', 'b4706f7a-6eb4-4a88-a9ef-835e5d3bd314', '이번주 할인상품 중 가장 이슈는 어떤상품예요?', '궁금합니다.', 'deal', NULL, NULL, false, '2025-12-20 18:02:24.593807+00', '2025-12-20 18:02:24.593807+00'),
('bee2e6c7-58e0-4da2-a138-a9aa29eae25d', 'b4706f7a-6eb4-4a88-a9ef-835e5d3bd314', '두바이 스프레드 맛있다고 하는데 언제 입고되나요?', '궁금합니다.', 'general', NULL, NULL, false, '2025-12-20 18:03:17.334937+00', '2025-12-20 18:03:17.334937+00'),
('f87fd5af-85d0-4a8a-bddd-51832e03570e', 'b4706f7a-6eb4-4a88-a9ef-835e5d3bd314', '김치 맛이 어때요?', '신것을 좋아해서 문의해 봅니다.', 'food', 'https://itzjlsdxqvnslojxmlqk.supabase.co/storage/v1/object/public/price-tags/discussions/b4706f7a-6eb4-4a88-a9ef-835e5d3bd314/1766253868781.JPG', NULL, false, '2025-12-20 18:04:33.972423+00', '2025-12-20 18:04:33.972423+00'),
('3a3ec3b8-211f-440e-a8d5-84db13c4e0a9', 'b4706f7a-6eb4-4a88-a9ef-835e5d3bd314', '이거 할인 종료된거죠?', '크리스마스때 필요한데..', 'deal', 'https://itzjlsdxqvnslojxmlqk.supabase.co/storage/v1/object/public/price-tags/discussions/b4706f7a-6eb4-4a88-a9ef-835e5d3bd314/1766257192373.JPG', NULL, false, '2025-12-20 19:00:00.050993+00', '2025-12-20 19:00:00.050993+00'),
('a5a41a34-453a-4893-bcc5-7b1bcc0520c2', 'b4706f7a-6eb4-4a88-a9ef-835e5d3bd314', '이거 가격언제 내릴까요?', '가격이 20만원대이던데', 'general', 'https://itzjlsdxqvnslojxmlqk.supabase.co/storage/v1/object/public/price-tags/discussions/b4706f7a-6eb4-4a88-a9ef-835e5d3bd314/1766259108692.JPG', NULL, false, '2025-12-20 19:31:52.273653+00', '2025-12-20 19:31:52.273653+00'),
('ec23cfc6-32a5-4bd5-a42a-401e6f808c72', 'b4706f7a-6eb4-4a88-a9ef-835e5d3bd314', '크리스마스엔 트리죠. 다들 준비하셨나요?', '크리스마스에 눈이라도 왔으면 하네요.', 'general', 'https://itzjlsdxqvnslojxmlqk.supabase.co/storage/v1/object/public/price-tags/discussions/b4706f7a-6eb4-4a88-a9ef-835e5d3bd314/1766259185218.JPG', NULL, false, '2025-12-20 19:33:10.481998+00', '2025-12-20 19:33:10.481998+00'),
('6c261350-2c94-4f5a-9067-b56c5b15174e', 'b4706f7a-6eb4-4a88-a9ef-835e5d3bd314', '치즈콤보 제품 맛은 어떤가요?', '치즈콤보 제품 맛은 어떤가요?', 'general', NULL, '570480', false, '2025-12-20 20:16:14.819713+00', '2025-12-20 20:16:14.819713+00'),
('20ee28ac-cfef-46c7-ba61-dcbcf229b9ec', 'b4706f7a-6eb4-4a88-a9ef-835e5d3bd314', '삼양 1963 라면 재입고가 언제인지 아시는지요?', '맛도 못봤네요.', 'general', 'https://itzjlsdxqvnslojxmlqk.supabase.co/storage/v1/object/public/price-tags/discussions/b4706f7a-6eb4-4a88-a9ef-835e5d3bd314/1766270018675.JPEG', '690102', false, '2025-12-20 22:33:42.856871+00', '2025-12-20 22:33:42.856871+00'),
('29265b4a-2197-4a64-9316-803cac6b0c8e', 'b4706f7a-6eb4-4a88-a9ef-835e5d3bd314', '언제 할인하는건가요?', '이 제품 맛있는데 세일을 너무 안하네요.', 'general', 'https://itzjlsdxqvnslojxmlqk.supabase.co/storage/v1/object/public/price-tags/discussions/b4706f7a-6eb4-4a88-a9ef-835e5d3bd314/1766270577778.JPG', '671919', false, '2025-12-20 22:43:04.200897+00', '2025-12-20 22:43:04.200897+00'),
('4e817a9a-406b-428b-be2a-57b6c1196031', 'b4706f7a-6eb4-4a88-a9ef-835e5d3bd314', '해찬들 가정식 집된장 세일이 언제인가요?', '해찬들 가정식 집된장 세일이 언제인가요?', 'deal', NULL, NULL, false, '2025-12-20 22:55:52.563356+00', '2025-12-20 22:55:52.563356+00')
ON CONFLICT (id) DO NOTHING;

-- ============================================
-- 5. DISCUSSION_COMMENTS
-- ============================================
INSERT INTO discussion_comments (id, discussion_id, user_id, content, created_at) VALUES
('5596f115-05ee-4fa7-9434-9bfefd3b29db', 'e05a943a-520d-4ed2-9fe5-6f5546db564b', 'b4706f7a-6eb4-4a88-a9ef-835e5d3bd314', '맛좋아요. 굿굿굿', '2025-12-20 17:51:56.754723+00'),
('6bdaddd1-3a65-41b9-a057-aa6a8aef5e59', '20ee28ac-cfef-46c7-ba61-dcbcf229b9ec', 'b4706f7a-6eb4-4a88-a9ef-835e5d3bd314', '이번주에 입고가 되었더라구요. 양재점에', '2025-12-23 16:04:23.154281+00'),
('e8718209-ca56-4296-932e-ed3e4830e319', 'bee2e6c7-58e0-4da2-a138-a9aa29eae25d', 'b4706f7a-6eb4-4a88-a9ef-835e5d3bd314', '1월 중반에 들어온다는 소식입니다.', '2026-01-04 14:05:46.38945+00')
ON CONFLICT (id) DO NOTHING;

-- ============================================
-- 6. DISCUSSION_LIKES
-- ============================================
INSERT INTO discussion_likes (id, discussion_id, user_id, created_at) VALUES
('4b528246-3d47-4b89-bdeb-99afe337329f', 'c02aad9d-9955-4bb5-9917-d599bd7bea85', 'b4706f7a-6eb4-4a88-a9ef-835e5d3bd314', '2025-12-23 16:53:09.300479+00'),
('304265d5-e6f9-4557-8edc-4aa43945459f', '29265b4a-2197-4a64-9316-803cac6b0c8e', 'b4706f7a-6eb4-4a88-a9ef-835e5d3bd314', '2025-12-23 17:03:50.980981+00'),
('1f36713e-31e0-413c-a059-fe5d78e00454', '58a321ed-95b6-4d62-b10f-ab845f13dee2', 'b4706f7a-6eb4-4a88-a9ef-835e5d3bd314', '2025-12-24 01:57:57.03655+00'),
('1324cd13-152c-4923-86ba-3d90470ac96d', '20ee28ac-cfef-46c7-ba61-dcbcf229b9ec', 'b4706f7a-6eb4-4a88-a9ef-835e5d3bd314', '2026-01-04 05:39:31.990214+00')
ON CONFLICT (id) DO NOTHING;

-- ============================================
-- 7. DISCUSSION_REPORTS
-- ============================================
INSERT INTO discussion_reports (id, discussion_id, user_id, reason, created_at) VALUES
('1363e0a9-e842-4b32-856d-7e39115fba20', 'c02aad9d-9955-4bb5-9917-d599bd7bea85', 'b4706f7a-6eb4-4a88-a9ef-835e5d3bd314', NULL, '2025-12-24 01:57:46.24152+00')
ON CONFLICT (id) DO NOTHING;

-- ============================================
-- 8. LIKES (Product Likes)
-- ============================================
INSERT INTO likes (id, user_id, product_id, created_at) VALUES
('16174d4e-5411-4e33-bb60-2ee2bed72e45', 'b4706f7a-6eb4-4a88-a9ef-835e5d3bd314', '688969', '2025-12-20 18:49:11.492674+00'),
('5370d39e-4364-4274-a0e8-af6d29bf8d8e', 'b4706f7a-6eb4-4a88-a9ef-835e5d3bd314', '584484', '2025-12-20 19:23:51.095041+00'),
('e93af04c-3a6c-4c9c-b83d-187542028ece', 'b4706f7a-6eb4-4a88-a9ef-835e5d3bd314', '085090', '2025-12-20 21:25:09.31456+00'),
('b3877ed4-7e70-4b8b-9fff-2e598024c0a8', 'b4706f7a-6eb4-4a88-a9ef-835e5d3bd314', '606480', '2025-12-23 14:39:02.971528+00'),
('c31e3804-87fa-4ba8-a95f-075e1b7206ac', 'b4706f7a-6eb4-4a88-a9ef-835e5d3bd314', '685048', '2025-12-23 16:44:22.049763+00'),
('6a3091e5-cac0-43f1-8cab-2f93ab23f1ba', 'b4706f7a-6eb4-4a88-a9ef-835e5d3bd314', '1019209', '2026-01-07 12:46:19.435999+00')
ON CONFLICT (id) DO NOTHING;

-- ============================================
-- 9. PRODUCT_REVIEWS
-- ============================================
INSERT INTO product_reviews (id, product_id, user_id, content, created_at) VALUES
('ff209267-e163-4dfe-a981-dfb24997af11', '689587', 'b4706f7a-6eb4-4a88-a9ef-835e5d3bd314', '리얼 맛있음. 다른 그래놀라랑은 차원이 다른 바삭함이', '2026-01-07 12:55:35.110155+00'),
('05bac160-1329-478d-81ce-767f00cba6c6', '688969', 'b4706f7a-6eb4-4a88-a9ef-835e5d3bd314', '아쉽지만 여전히 중국산으로 된 제품들입니다. 맛차이는?', '2026-01-07 13:24:44.638917+00'),
('a7d42b9c-0774-4f92-9a8f-443ac541bd1d', '664686', 'b4706f7a-6eb4-4a88-a9ef-835e5d3bd314', '이것으로 트러블났다는 이야기를 들어본적이 없네요', '2026-01-07 14:12:32.057314+00'),
('b5a2eb21-ef1a-4ce3-8454-d885c6f6e831', '524858', 'b4706f7a-6eb4-4a88-a9ef-835e5d3bd314', '겨울엔 생강차죠. 요거요거 물건임다.', '2026-01-07 14:15:58.101111+00'),
('676f2e0d-9051-477e-8222-7c9d836bf905', '672620', 'b4706f7a-6eb4-4a88-a9ef-835e5d3bd314', '열심히 운동할끄야', '2026-01-10 16:57:11.222877+00'),
('c0caf947-6d0c-4aca-838a-43cfd71e37ef', '672620', '19ba2f33-8073-4319-8db3-395cd649c5a8', '운동해요', '2026-01-13 11:39:45.388253+00'),
('bebe42ad-2d2a-4bc2-a06d-fda29444d532', '234436', 'b4706f7a-6eb4-4a88-a9ef-835e5d3bd314', 'test', '2026-01-13 12:44:25.537773+00')
ON CONFLICT (id) DO NOTHING;

-- ============================================
-- 10. POINT_TRANSACTIONS
-- ============================================
INSERT INTO point_transactions (id, user_id, amount, status, reason, reference_id, created_at) VALUES
('bc1d89d3-b2be-4c45-ba5d-05cbb19335c9', 'b4706f7a-6eb4-4a88-a9ef-835e5d3bd314', 5, 'confirmed', '가격 등록', 'ad43a20f-11d3-4ca4-81c1-a044da361892', '2025-12-24 00:39:17.811107+00'),
('1396cd42-513f-4379-941f-b7fecfde90f3', 'b4706f7a-6eb4-4a88-a9ef-835e5d3bd314', 5, 'confirmed', '가격 등록', '4d14f539-afab-4e2c-ab34-99162589e848', '2026-01-02 06:04:08.796402+00'),
('36419a17-df78-466f-b959-465bf8f4f5d5', 'b4706f7a-6eb4-4a88-a9ef-835e5d3bd314', 5, 'confirmed', '가격 등록', '125967ed-7208-49b0-acc4-c6b5c72e215d', '2026-01-02 06:09:12.857979+00'),
('737cc26a-c545-442d-b3b8-dd8e846d7adc', '19ba2f33-8073-4319-8db3-395cd649c5a8', 5, 'confirmed', '가격 등록', NULL, '2026-01-11 12:24:14.269918+00')
ON CONFLICT (id) DO NOTHING;

-- ============================================
-- 11. CUSTOMER_REQUESTS
-- ============================================
INSERT INTO customer_requests (id, user_id, title, content, password_hash, created_at, updated_at) VALUES
('c50adbfd-1fc6-4eb0-ad4a-04e6b9dd9d0e', 'b4706f7a-6eb4-4a88-a9ef-835e5d3bd314', 'test', 'test', 'MTIzNA==', '2026-01-11 13:59:59.727202+00', '2026-01-11 13:59:59.727202+00')
ON CONFLICT (id) DO NOTHING;

-- ============================================
-- 12. SHOPPING_MEMO
-- ============================================
INSERT INTO shopping_memo (id, user_id, product_id, product_name, estimated_price, store_id, store_name, quantity, is_purchased, created_at, updated_at) VALUES
('5aa0732e-89c8-4ec3-9c81-5462f625e6cb', 'b4706f7a-6eb4-4a88-a9ef-835e5d3bd314', '584484', 'SWISS MISS 핫코코아 GIFT 780G', 16790, '03b0009e-f7b1-4123-b761-40b312095449', '양재점', 1, true, '2025-12-23 17:40:53.049148+00', '2026-01-07 16:22:06.232228+00'),
('b11f57fb-8e96-4028-8206-1f73a7187a19', 'b4706f7a-6eb4-4a88-a9ef-835e5d3bd314', '688969', 'FERRERO ROCHER 초콜릿', 21990, '03b0009e-f7b1-4123-b761-40b312095449', '양재점', 2, false, '2026-01-02 18:11:28.853272+00', '2026-01-07 16:26:06.590925+00'),
('ca2d8629-c16a-4f47-a30f-9ac53185cb1f', 'b4706f7a-6eb4-4a88-a9ef-835e5d3bd314', '1019209', 'TIM HORTONS 그라운드 커피 1.36KG', 29990, '4008d2bf-0c73-41eb-8c2f-256d5f02c70b', '고척점', 2, true, '2026-01-07 12:46:25.96411+00', '2026-01-07 16:26:19.393814+00'),
('467567ad-6f5d-4529-8ea2-6af9a9234bd9', '19ba2f33-8073-4319-8db3-395cd649c5a8', '598910', '카프리썬 멀티 비타민주스 200ML X 20', 8990, '4008d2bf-0c73-41eb-8c2f-256d5f02c70b', '고척점', 2, false, '2026-01-13 11:38:04.654145+00', '2026-01-13 11:38:08.542825+00'),
('dd151c2f-a84b-42a9-8a3d-bc9b3eb9bcba', 'b4706f7a-6eb4-4a88-a9ef-835e5d3bd314', '674926', '존쿡델리미트 닭가슴살슬라이스 350G X 2', 12990, '4008d2bf-0c73-41eb-8c2f-256d5f02c70b', '고척점', 1, true, '2026-01-18 03:21:00.404111+00', '2026-01-18 03:23:02.671186+00'),
('0c52bdfe-4544-4cd2-9911-4eafb6f6a337', 'b4706f7a-6eb4-4a88-a9ef-835e5d3bd314', '660569', '피타 브레드', 7490, '4008d2bf-0c73-41eb-8c2f-256d5f02c70b', '고척점', 1, true, '2026-01-18 03:21:34.869565+00', '2026-01-18 03:22:39.702503+00')
ON CONFLICT (id) DO NOTHING;

-- ============================================
-- NOTE: PRODUCTS and PRICE_HISTORY tables have large datasets
-- Due to size constraints, please export these separately using:
-- 
-- For products:
-- SELECT * FROM products;
-- 
-- For price_history:
-- SELECT * FROM price_history;
-- 
-- And convert to INSERT statements or use Supabase's native export/import tools.
-- ============================================

-- ============================================
-- IMPORT INSTRUCTIONS:
-- 1. First run the SCHEMA SQL (previously provided)
-- 2. Then run this DATA SQL
-- 3. For products and price_history, use Supabase SQL Editor or pg_dump/pg_restore
-- ============================================
